{"name":"57dc1697-b8a8-4eab-85d5-cdbea37fcf8d","id":"/providers/Microsoft.Flow/flows/57dc1697-b8a8-4eab-85d5-cdbea37fcf8d","type":"Microsoft.Flow/flows","properties":{"apiId":"/providers/Microsoft.PowerApps/apis/shared_logicflows","displayName":"SCM Numeros de Parte (Envio de Formulario)","definition":{"metadata":{"workflowEntityId":null,"processAdvisorMetadata":null,"flowChargedByPaygo":null,"flowclientsuspensionreason":"None","flowclientsuspensiontime":null,"flowclientsuspensionreasondetails":null,"creator":{"id":"f5228bf3-e7ca-44e9-a893-b4cf98bf6b29","type":"User","tenantId":"bf8680a4-dca7-4b4a-a5d8-368a2e2f4fe3"},"provisioningMethod":"FromDefinition","failureAlertSubscription":true,"clientLastModifiedTime":"2024-11-21T18:00:58.7899359Z","connectionKeySavedTimeKey":"2024-11-21T18:00:58.7899359Z"},"$schema":"https://schema.management.azure.com/providers/Microsoft.Logic/schemas/2016-06-01/workflowdefinition.json#","contentVersion":"1.0.0.0","parameters":{"$connections":{"defaultValue":{},"type":"Object"},"$authentication":{"defaultValue":{},"type":"SecureObject"}},"triggers":{"Cuando_se_envía_una_respuesta_nueva":{"splitOn":"@triggerOutputs()?['body/value']","metadata":{"operationMetadataId":"268579a9-0ab0-43dd-bbf3-52d9ff4177cc"},"type":"OpenApiConnectionWebhook","inputs":{"host":{"apiId":"/providers/Microsoft.PowerApps/apis/shared_microsoftforms","connectionName":"shared_microsoftforms_2","operationId":"CreateFormWebhook"},"parameters":{"form_id":"pICGv6fcSkul2DaKLi9P4wQzlxRTWedDpzHBIs3YwKpUOVpVNjVWOVJaM0QzVkZZUTY5VENUUFhUSS4u"},"authentication":"@parameters('$authentication')"}}},"actions":{"Obtener_los_detalles_de_la_respuesta":{"runAfter":{},"metadata":{"operationMetadataId":"6485c37c-2e6d-4342-a56c-c75985d089e4"},"type":"OpenApiConnection","inputs":{"host":{"apiId":"/providers/Microsoft.PowerApps/apis/shared_microsoftforms","connectionName":"shared_microsoftforms_3","operationId":"GetFormResponseById"},"parameters":{"form_id":"pICGv6fcSkul2DaKLi9P4wQzlxRTWedDpzHBIs3YwKpUOVpVNjVWOVJaM0QzVkZZUTY5VENUUFhUSS4u","response_id":"@triggerOutputs()?['body/resourceData/responseId']"},"authentication":"@parameters('$authentication')"}},"Crear_elemento":{"runAfter":{"Obtener_los_detalles_de_la_respuesta":["Succeeded"]},"metadata":{"operationMetadataId":"178a8501-a07e-4488-a595-8766405faad1"},"type":"OpenApiConnection","inputs":{"host":{"apiId":"/providers/Microsoft.PowerApps/apis/shared_sharepointonline","connectionName":"shared_sharepointonline","operationId":"PostItem"},"parameters":{"dataset":"https://sacardelcentro-my.sharepoint.com/personal/jvelazquez_sacardelcentro_com","table":"ec5e7b50-7b7d-4276-920b-b595c55e2c17","item/Title":"@outputs('Obtener_los_detalles_de_la_respuesta')?['body/rda3268dbadc342d7b07b0b7542256754']","item/Usuario/Claims":"@outputs('Obtener_los_detalles_de_la_respuesta')?['body/responder']","item/Correo_x0020_Electronico":"@outputs('Obtener_los_detalles_de_la_respuesta')?['body/responder']","item/No_x002e__x0020_Parte_x0020_Marc":"@outputs('Obtener_los_detalles_de_la_respuesta')?['body/ra53fa137c6c94689ac86a8d9cea2c017']","item/Departamento":"@outputs('Obtener_los_detalles_de_la_respuesta')?['body/rd3fa7f85d85446858e650a8782037293']","item/DescripciondelProblema":"@outputs('Obtener_los_detalles_de_la_respuesta')?['body/r19b6c14809284e868699cc6dc2498c41']","item/Nombre":"@outputs('Obtener_los_detalles_de_la_respuesta')?['body/r3dcd2d322eee402aa2bccc01bbdcd449']","item/Estatus/Value":"En Proceso","item/Enviado":"No","item/Creado":"@utcNow()","item/No_x002e__x0020_Solicitud":"@triggerOutputs()?['body/resourceData/responseId']"},"authentication":"@parameters('$authentication')"}},"Notificación_a_Compras":{"runAfter":{"Crear_elemento":["Succeeded"]},"metadata":{"operationMetadataId":"102f06e7-e72b-443d-a54d-cc343ab06cce"},"type":"OpenApiConnection","inputs":{"host":{"apiId":"/providers/Microsoft.PowerApps/apis/shared_office365","connectionName":"shared_office365_1","operationId":"SendEmailV2"},"parameters":{"emailMessage/To":"abarrios@sacardelcentro.com","emailMessage/Subject":"Se ha creado la solicitud #@{outputs('Crear_elemento')?['body/ID']}.","emailMessage/Body":"<p><span style=\"font-family: arial\">Estimad@ usuario<br>\n<br>\nEl usuario </span><span style=\"font-family: arial\">@{outputs('Obtener_los_detalles_de_la_respuesta')?['body/rda3268dbadc342d7b07b0b7542256754']}</span><span style=\"font-family: arial\"> ha solicitado el siguiente No de Parte: </span><span style=\"font-family: arial\">@{outputs('Obtener_los_detalles_de_la_respuesta')?['body/ra53fa137c6c94689ac86a8d9cea2c017']}</span><span style=\"font-family: arial\"> marca: </span><span style=\"font-family: arial\">@{outputs('Obtener_los_detalles_de_la_respuesta')?['body/rd3fa7f85d85446858e650a8782037293']}</span><span style=\"font-family: arial\"><br>\n<br>\n</span><span style=\"font-family: arial\"><strong>Descripción del problema:</strong></span><span style=\"font-family: arial\"><br>\n</span><span style=\"font-family: arial\">@{outputs('Obtener_los_detalles_de_la_respuesta')?['body/r19b6c14809284e868699cc6dc2498c41']}</span><span style=\"font-family: arial\">.<br>\n<br>\n</span><span style=\"font-family: arial\"><strong>Nota: Favor de revisar la solicitud.</strong></span><br>\n</p>"},"authentication":"@parameters('$authentication')"}},"Notificacion_a_Usuario":{"runAfter":{"Notificación_a_Compras":["Succeeded"]},"metadata":{"operationMetadataId":"0f97f876-0bd7-4926-99d6-95bcf3b22542"},"type":"OpenApiConnection","inputs":{"host":{"apiId":"/providers/Microsoft.PowerApps/apis/shared_office365","connectionName":"shared_office365_2","operationId":"SendEmailV2"},"parameters":{"emailMessage/To":"abarrios@sacardelcentro.com ","emailMessage/Subject":"Se ha creado la solicitud #@{outputs('Crear_elemento')?['body/ID']}.","emailMessage/Body":"<p>Estimad@ S@{outputs('Obtener_los_detalles_de_la_respuesta')?['body/rda3268dbadc342d7b07b0b7542256754']}<br>\n<br>\nHas solicitado el siguiente No de Parte: @{outputs('Obtener_los_detalles_de_la_respuesta')?['body/ra53fa137c6c94689ac86a8d9cea2c017']}<br>\n<br>\nMarca:<br>\n@{outputs('Obtener_los_detalles_de_la_respuesta')?['body/rd3fa7f85d85446858e650a8782037293']}<br>\n<br>\nDescripción:<br>\n@{outputs('Obtener_los_detalles_de_la_respuesta')?['body/r19b6c14809284e868699cc6dc2498c41']}<br>\n<br>\nLa solicitud se revisara, cuando finalize el proceso se notificara por correo.</p>"},"authentication":"@parameters('$authentication')"}},"Condition":{"actions":{"Análisis_del_archivo_JSON":{"runAfter":{},"metadata":{"operationMetadataId":"73dcd234-9039-4ca7-9af7-9c49709e364e"},"type":"ParseJson","inputs":{"content":"@outputs('Obtener_los_detalles_de_la_respuesta')?['body/r2527fee218fa47ce8f1dc0e2d7e42dcd']","schema":{"type":"array","items":{"type":"object","properties":{"name":{"type":"string"},"link":{"type":"string"},"id":{"type":"string"},"type":{},"size":{"type":"integer"},"referenceId":{"type":"string"},"driveId":{"type":"string"},"status":{"type":"integer"},"uploadSessionUrl":{}},"required":["name","link","id","type","size","referenceId","driveId","status","uploadSessionUrl"]}}}},"Compose_2":{"runAfter":{"Análisis_del_archivo_JSON":["Succeeded"]},"metadata":{"operationMetadataId":"eb5a7bd8-d5f5-4009-ab2d-e62374dc11f5"},"type":"Compose","inputs":"@body('Análisis_del_archivo_JSON')"},"Apply_to_each":{"foreach":"@body('Análisis_del_archivo_JSON')","actions":{"Get_file_content_using_path":{"runAfter":{},"metadata":{"operationMetadataId":"ba7df119-c001-4e0a-97b6-a4e945503fa9"},"type":"OpenApiConnection","inputs":{"host":{"apiId":"/providers/Microsoft.PowerApps/apis/shared_onedriveforbusiness","connectionName":"shared_onedriveforbusiness","operationId":"GetFileContentByPath"},"parameters":{"path":"/Apps/Microsoft Forms/° Solicitud de Numeros de Parte °/Pregunta/@{items('Apply_to_each')['name']}","inferContentType":true},"authentication":"@parameters('$authentication')"}},"Add_attachment":{"runAfter":{"Get_file_content_using_path":["Succeeded"]},"metadata":{"operationMetadataId":"12cbeabf-362a-4c7b-b476-4ed76c5af9bc"},"type":"OpenApiConnection","inputs":{"host":{"apiId":"/providers/Microsoft.PowerApps/apis/shared_sharepointonline","connectionName":"shared_sharepointonline_1","operationId":"CreateAttachment"},"parameters":{"dataset":"https://sacardelcentro-my.sharepoint.com/personal/jvelazquez_sacardelcentro_com/","table":"ec5e7b50-7b7d-4276-920b-b595c55e2c17","itemId":"@outputs('Crear_elemento')?['body/ID']","displayName":"@items('Apply_to_each')['name']","body":"@body('Get_file_content_using_path')"},"authentication":"@parameters('$authentication')"}}},"runAfter":{"Compose_2":["Succeeded"]},"metadata":{"operationMetadataId":"fdc570c0-74bc-4899-924a-cfb15ac14354"},"type":"Foreach"}},"runAfter":{"Compose":["Succeeded"]},"expression":{"equals":[1,1]},"metadata":{"operationMetadataId":"b1eee680-accc-44a4-bc42-3e1399bcb10f"},"type":"If"},"Compose":{"runAfter":{"Notificacion_a_Usuario":["Succeeded"]},"metadata":{"operationMetadataId":"927cce58-6849-4f30-9bcc-fc11af6ebb48"},"type":"Compose","inputs":"@outputs('Obtener_los_detalles_de_la_respuesta')?['body/r2527fee218fa47ce8f1dc0e2d7e42dcd']"}}},"connectionReferences":{"shared_microsoftforms_3":{"connectionName":"shared-microsoftform-61607937-ab8a-48c0-ab98-96853ae60bde","source":"Embedded","id":"/providers/Microsoft.PowerApps/apis/shared_microsoftforms","tier":"NotSpecified"},"shared_sharepointonline":{"connectionName":"771468ef74c2496989f77608ebf9eef0","source":"Embedded","id":"/providers/Microsoft.PowerApps/apis/shared_sharepointonline","tier":"NotSpecified"},"shared_office365_1":{"connectionName":"shared-office365-28363e8a-f04b-47a3-b8b4-f7baca78ef69","source":"Embedded","id":"/providers/Microsoft.PowerApps/apis/shared_office365","tier":"NotSpecified"},"shared_office365_2":{"connectionName":"shared-office365-75ef1699-026d-4676-9256-4376775a06b8","source":"Embedded","id":"/providers/Microsoft.PowerApps/apis/shared_office365","tier":"NotSpecified"},"shared_onedriveforbusiness":{"connectionName":"shared-onedriveforbu-487e1471-8c47-46e2-835d-af0080b6a597","source":"Embedded","id":"/providers/Microsoft.PowerApps/apis/shared_onedriveforbusiness","tier":"NotSpecified"},"shared_sharepointonline_1":{"connectionName":"shared-sharepointonl-5a047f8c-7e25-42c2-89b2-2d22abdcf57c","source":"Embedded","id":"/providers/Microsoft.PowerApps/apis/shared_sharepointonline","tier":"NotSpecified"},"shared_microsoftforms_2":{"connectionName":"shared-microsoftform-8fbbabd9-e160-4b6f-8dad-e3cee2163de2","source":"Embedded","id":"/providers/Microsoft.PowerApps/apis/shared_microsoftforms","tier":"NotSpecified"}},"flowFailureAlertSubscribed":false,"isManaged":false}}